Año,Trimestre,PL
2006,1,36.239825
2006,2,35.165133
2006,3,35.721112
2006,4,36.322801
2007,1,36.464757
2007,2,34.658622
2007,3,35.319873
2007,4,36.49832
2008,1,36.593974
2008,2,36.079975
2008,3,37.605386
2008,4,39.233369
2009,1,38.860509
2009,2,40.389391
2009,3,40.822596
2009,4,40.336717
2010,1,41.283791
2010,2,40.121558
2010,3,40.125229
2010,4,41.656829
2011,1,40.02724
2011,2,39.928658
2011,3,40.553084
2011,4,41.458462
2012,1,40.748796
2012,2,39.993889
2012,3,41.949269
2012,4,42.639356
2013,1,41.663643
2013,2,42.273999
2013,3,42.874866
2013,4,42.761839
2014,1,42.83061
2014,2,42.871917
2014,3,43.754991
2014,4,45.379002
2015,1,43.782733
2015,2,43.999002
2015,3,43.446869
2015,4,43.328043
2016,1,42.905303
2016,2,41.913623
2016,3,41.067185
2016,4,41.418155
2017,1,40.155757
2017,2,41.528684
2017,3,42.604807
2017,4,42.464255
2018,1,40.672835
2018,2,40.054196
2018,3,40.204237
2018,4,40.684496
2019,1,39.565749
2019,2,38.98587
2019,3,39.580386
2019,4,38.863476
2020,1,36.61714
2020,3,46.007497
2020,4,41.921934
2021,1,42.00215
2021,2,39.832558
2021,3,40.712891
2021,4,40.274957
2022,1,38.827745
2022,2,38.287178
2022,3,40.11276
2022,4,38.478377
2023,1,37.724321
2023,2,37.800759
2023,3,37.313735
2023,4,37.007668
2024,1,35.777092
2024,2,34.965475
2024,3,35.025125
2024,4,35.353699
2025,1,33.878563
2025,2,34.999696
2025,3,34.252698
2025,4,32.177581
2026,1,30.676722
